ID,SpellID,EquippedItemInvTypes,EquippedItemSubclass,EquippedItemClass
2,53,0,32768,2
3,59,0,4,2
7,75,0,262156,2
9,91,0,3,2
10,107,0,96,4
11,196,0,1,2
12,197,0,2,2
13,198,0,16,2
14,199,0,32,2
15,200,0,64,2
16,201,0,128,2
17,202,0,256,2
18,203,0,8192,2
19,227,0,1024,2
22,264,0,4,2
23,266,0,8,2
24,408,0,173555,2
25,750,0,16,4
26,772,0,173555,2
27,845,0,1378,2
29,1180,0,32768,2
30,1329,0,32768,2
31,1464,0,1378,2
33,1516,0,262156,2
34,1536,0,4,2
35,1664,0,3,2
36,1665,0,3,2
37,1680,0,173555,2
39,1752,0,32768,2
40,1776,0,173555,2
43,1943,0,173555,2
45,2098,0,173555,2
46,2110,0,1024,2
47,2382,0,16384,2
48,2565,0,64,4
49,2567,0,65536,2
51,2629,0,32768,2
52,2630,0,32768,2
53,2643,0,262156,2
54,2764,0,65536,2
55,2823,0,41105,2
56,2828,0,33731,2
57,2829,0,33731,2
58,2830,0,33731,2
59,2831,1050016,30,4
60,2832,1050016,30,4
61,2833,1050016,30,4
65,3011,0,262156,2
66,3018,0,262156,2
70,3112,0,9264,2
71,3113,0,9264,2
72,3114,0,9264,2
74,3127,0,173555,2
77,3408,0,41105,2
78,3440,0,1072,2
79,3594,0,174067,2
80,3595,0,174067,2
82,3974,0,262156,2
83,3975,0,262156,2
84,3976,0,262156,2
85,4354,0,128,2
86,4421,0,256,2
87,4443,0,2,2
88,4464,0,256,2
89,4493,0,1024,2
90,5009,0,524288,2
91,5011,0,262144,2
92,5019,0,524288,2
93,5116,0,262156,2
94,5308,0,173555,2
95,5361,0,256,2
97,5427,0,2,2
98,5586,0,32768,2
101,6296,0,190451,2
104,6572,0,41105,2
105,6660,0,262156,2
106,6770,0,173555,2
107,6979,0,262156,2
108,6980,0,262156,2
109,6984,0,262156,2
110,7105,0,262156,2
111,7216,0,96,4
112,7218,0,354,2
113,7220,0,960511,2
114,7384,0,173555,2
117,7418,512,31,4
118,7420,1048608,31,4
119,7426,1048608,31,4
120,7428,512,31,4
121,7443,1048608,31,4
123,7457,512,31,4
167,7738,0,1048576,2
168,7745,0,1378,2
169,7748,1048608,31,4
170,7766,512,31,4
171,7771,65536,31,4
172,7776,1048608,31,4
173,7779,512,31,4
174,7782,512,31,4
175,7786,0,714739,2
176,7788,0,714739,2
177,7793,0,1378,2
178,7857,1048608,31,4
179,7859,512,31,4
181,7863,256,31,4
182,7867,256,31,4
185,8087,0,1048576,2
186,8088,0,1048576,2
187,8089,0,1048576,2
188,8090,0,1048576,2
190,8242,0,96,4
192,8532,0,1048576,2
195,8676,0,173555,2
196,8679,0,41105,2
197,8682,0,262156,2
198,8737,0,8,4
199,8995,0,262156,2
200,8996,0,262156,2
201,8997,0,262156,2
202,9008,0,262156,2
203,9077,0,4,4
204,9078,0,2,4
206,9092,0,1048576,2
207,9116,0,64,4
209,9125,0,33,4
211,9781,0,96,4
212,9783,256,0,4
213,9900,0,33731,2
214,9903,0,9264,2
216,10344,1050016,30,4
220,11976,0,173555,2
221,11977,0,173555,2
222,11998,0,173555,2
223,12054,0,173555,2
224,12057,0,173555,2
226,12169,0,96,4
227,12170,0,173555,2
228,12198,0,262156,2
231,12294,0,1378,2
234,12459,0,262156,2
235,12460,0,262156,2
237,12551,0,262156,2
263,13378,0,64,4
264,13380,0,1378,2
265,13398,0,65536,2
266,13419,65536,30,4
267,13421,65536,0,4
268,13464,0,64,4
269,13485,0,64,4
271,13501,512,31,4
272,13503,0,714739,2
274,13529,0,1378,2
275,13536,512,31,4
276,13538,1048608,31,4
277,13607,1048608,31,4
278,13612,1024,31,4
279,13617,1024,31,4
280,13620,1024,31,4
281,13622,512,31,4
282,13626,1048608,31,4
283,13631,0,64,4
284,13635,65536,30,4
285,13637,256,31,4
286,13640,1048608,30,4
287,13642,512,30,4
288,13644,256,30,4
289,13646,512,30,4
290,13648,512,30,4
291,13653,0,714739,2
292,13655,0,714739,2
294,13659,0,64,4
295,13661,512,30,4
296,13663,1048608,30,4
297,13687,256,30,4
298,13689,0,64,4
299,13693,0,714739,2
300,13695,0,1378,2
301,13698,1024,31,4
302,13700,1048608,31,4
306,13746,65536,30,4
312,13815,1024,31,4
313,13817,0,64,4
314,13822,512,30,4
316,13836,256,30,4
317,13841,1024,31,4
321,13846,512,30,4
322,13858,1048608,31,4
323,13868,1024,31,4
324,13882,65536,30,4
325,13887,1024,31,4
326,13890,256,30,4
327,13898,0,714739,2
328,13905,0,64,4
329,13915,0,714739,2
330,13917,1048608,31,4
331,13931,512,30,4
333,13935,256,30,4
334,13937,0,1378,2
335,13939,512,30,4
336,13941,1048608,31,4
337,13943,0,714739,2
338,13945,512,30,4
339,13947,1024,31,4
340,13948,1024,31,4
341,13953,0,173555,2
351,14443,0,262156,2
352,14516,0,173555,2
363,14874,0,173555,2
364,14895,0,173555,2
366,14903,0,173555,2
367,15062,0,64,4
368,15284,0,173555,2
369,15340,128,31,4
370,15389,128,31,4
371,15391,128,31,4
372,15394,130,31,4
373,15397,128,31,4
374,15400,128,31,4
375,15402,128,31,4
376,15404,128,31,4
377,15406,128,31,4
378,15427,128,30,4
379,15429,128,30,4
380,15439,128,30,4
381,15441,128,30,4
382,15444,128,30,4
383,15446,128,30,4
384,15449,128,30,4
385,15458,128,30,4
386,15463,128,30,4
387,15490,128,30,4
388,15496,0,173555,2
390,15547,0,262156,2
392,15580,0,173555,2
394,15583,0,173555,2
395,15590,0,8192,2
396,15607,0,65536,2
397,15619,0,65536,2
398,15620,0,262156,2
399,15655,0,96,4
401,15691,0,173555,2
402,15692,0,173555,2
404,15708,0,173555,2
427,15795,0,65536,2
428,15860,0,65536,2
498,16000,0,65536,2
499,16001,0,65536,2
500,16044,0,173555,2
501,16100,0,262156,2
502,16138,0,33731,2
504,16496,0,262156,2
505,16509,0,173555,2
506,16511,0,32768,2
512,16572,0,262156,2
513,16622,0,9264,2
514,16623,0,96,4
515,16723,0,262156,2
516,16756,0,262156,2
517,16767,0,262156,2
518,16768,0,262156,2
519,16772,0,262156,2
520,16775,0,262156,2
521,16776,0,262156,2
522,16777,0,262156,2
523,16778,0,262156,2
524,16779,0,262156,2
525,16780,0,262156,2
526,16856,0,173555,2
527,17143,0,173555,2
528,17171,0,262156,2
529,17174,0,262156,2
530,17198,0,173555,2
531,17281,0,173555,2
532,17284,0,173555,2
533,17353,0,262156,2
534,17364,0,173555,2
539,18545,0,262156,2
540,18561,0,262156,2
541,18649,0,262156,2
542,18651,0,262156,2
543,18802,0,262156,2
544,18819,0,173555,2
546,19057,1050016,30,4
547,19130,0,173555,2
554,19386,0,262156,2
560,19434,0,262156,2
565,19730,0,173555,2
566,19767,0,262156,2
567,19777,0,173555,2
568,19781,0,65536,2
569,19785,0,65536,2
571,19881,0,524288,2
574,20008,512,30,4
575,20009,512,30,4
576,20010,512,30,4
577,20011,512,30,4
578,20012,1024,31,4
579,20013,1024,31,4
581,20015,65536,30,4
582,20016,0,64,4
583,20017,0,64,4
584,20020,256,30,4
585,20023,256,30,4
586,20024,256,30,4
587,20025,1048608,31,4
588,20026,1048608,31,4
589,20028,1048608,31,4
590,20029,0,714739,2
591,20030,0,1378,2
592,20031,0,714739,2
593,20032,0,714739,2
594,20033,0,714739,2
595,20034,0,714739,2
596,20035,0,1378,2
597,20036,0,1378,2
607,20243,0,64,4
608,20463,0,262156,2
613,20605,0,173555,2
615,20666,0,173555,2
616,20684,0,173555,2
617,20688,0,262156,2
618,20733,0,262156,2
620,20736,0,262156,2
624,21390,0,262156,2
625,21931,0,720883,2
645,22121,0,262156,2
647,22411,0,262156,2
648,22572,0,173555,2
650,22591,0,173555,2
651,22593,8,30,4
652,22594,8,30,4
653,22596,8,30,4
654,22597,8,30,4
655,22598,8,30,4
656,22599,8,30,4
657,22725,1050016,30,4
658,22749,0,583667,2
659,22750,0,583667,2
661,22756,0,41923,2
662,22779,0,262156,2
665,22840,128,31,4
666,22844,128,31,4
667,22846,128,31,4
668,22859,0,173555,2
669,22887,0,65536,2
670,22907,0,262156,2
671,22908,0,262156,2
672,22914,0,262156,2
673,23073,0,262156,2
678,23337,0,262156,2
679,23601,0,262156,2
680,23799,0,583667,2
681,23800,0,583667,2
682,23801,512,30,4
683,23802,512,30,4
684,23803,0,583667,2
685,23804,0,583667,2
688,23881,0,1378,2
694,23967,0,173555,2
695,24018,0,3,2
696,24049,0,65536,2
697,24149,128,31,4
698,24160,128,31,4
699,24161,128,31,4
700,24162,128,31,4
701,24163,128,31,4
702,24164,128,31,4
703,24165,128,31,4
704,24167,128,31,4
705,24168,128,31,4
706,24302,0,1048576,2
707,24335,0,262156,2
710,24407,0,173555,2
711,24420,8,30,4
712,24421,8,30,4
713,24422,8,30,4
714,24573,0,173555,2
715,24698,0,173555,2
719,25072,1024,31,4
720,25073,1024,31,4
721,25074,1024,31,4
722,25078,1024,31,4
723,25079,1024,31,4
724,25080,1024,31,4
727,25083,65536,31,4
728,25084,65536,31,4
729,25086,65536,31,4
730,25117,73572352,0,2
731,25118,73572352,0,2
732,25119,73572352,0,2
733,25120,73572352,0,2
734,25121,73572352,0,2
735,25122,73572352,0,2
736,25123,73572352,0,2
739,25710,0,173555,2
740,25712,0,173555,2
743,26282,0,262156,2
745,26350,0,173555,2
746,26613,0,173555,2
771,27338,0,1024,2
772,27576,0,32768,2
773,27580,0,173555,2
774,27584,0,173555,2
775,27611,0,173555,2
776,27615,0,173555,2
777,27632,0,262156,2
778,27633,0,173555,2
779,27634,0,262156,2
785,27825,0,173555,2
786,27837,0,1378,2
787,27899,512,30,4
788,27905,512,30,4
789,27906,512,30,4
790,27911,512,30,4
791,27913,512,30,4
792,27914,512,30,4
793,27917,512,30,4
798,27944,0,64,4
799,27945,0,64,4
800,27946,0,64,4
802,27948,256,30,4
803,27950,256,30,4
804,27951,256,30,4
805,27954,256,30,4
806,27957,1048608,31,4
807,27958,1048608,31,4
808,27960,1048608,31,4
809,27961,65536,30,4
812,27967,0,714739,2
813,27968,0,583667,2
814,27971,0,132450,2
815,27972,0,714739,2
816,27975,0,698355,2
817,27977,0,132450,2
818,27981,0,714739,2
819,27982,0,714739,2
820,27984,0,714739,2
822,28003,0,714739,2
823,28004,0,714739,2
824,28013,73572352,0,2
825,28017,73572352,0,2
826,28161,128,31,4
827,28163,128,31,4
828,28165,128,31,4
829,28891,0,1097715,2
830,28898,6430720,0,2
831,29120,0,262156,2
832,29121,0,262156,2
833,29122,0,262156,2
834,29176,0,4,2
835,29390,0,64,4
836,29425,0,173555,2
837,29426,0,173555,2
838,29452,0,33731,2
839,29453,0,33731,2
840,29454,0,96,4
841,29467,8,30,4
842,29475,8,30,4
843,29480,8,30,4
844,29483,8,30,4
847,29507,0,64,4
848,29567,0,173555,2
849,29572,0,173555,2
850,29575,0,262156,2
851,29576,0,262156,2
852,29578,0,41459,2
853,29582,0,65536,2
854,29583,0,0,2
858,29665,0,173555,2
859,29667,0,173555,2
860,29674,0,64,4
861,29684,0,64,4
862,29702,0,64,4
863,29719,0,64,4
864,29720,0,64,4
865,29832,0,173555,2
866,30014,0,173555,2
870,30221,0,262156,2
872,30250,0,262156,2
873,30252,0,262156,2
877,30260,0,262156,2
878,30474,0,173555,2
879,30477,0,262156,2
880,30493,0,4,2
881,30495,0,173555,2
882,30614,0,262156,2
883,30619,0,173555,2
884,30621,0,173555,2
885,30688,0,96,4
886,30815,0,173555,2
887,30817,0,173555,2
888,30822,0,173555,2
889,30832,0,173555,2
890,30933,0,262156,2
891,30990,0,262156,2
895,31275,0,196083,2
897,31369,128,31,4
898,31370,128,31,4
899,31371,128,31,4
900,31372,128,31,4
901,31410,0,173555,2
902,31566,0,173555,2
903,31623,0,262156,2
904,31629,0,173555,2
905,31731,0,64,4
906,31754,0,173555,2
907,31758,0,65536,2
908,31772,0,65536,2
909,31827,0,173555,2
910,31863,0,64,4
911,31911,0,173555,2
912,31935,0,64,4
913,31942,0,262156,2
914,31975,0,262156,2
915,31996,0,173555,2
916,32103,0,262156,2
917,32168,0,262156,2
918,32175,0,173555,2
919,32176,0,173555,2
920,32190,0,262156,2
922,32274,1048608,0,4
926,32282,1048608,0,4
927,32315,0,173555,2
928,32317,0,2097151,2
929,32319,0,32768,2
930,32320,0,32768,2
931,32321,0,32768,2
932,32376,0,173555,2
933,32378,0,173555,2
934,32397,1050016,30,4
935,32398,1050016,30,4
936,32399,1050016,30,4
937,32426,256,30,4
938,32587,0,96,4
939,32588,0,173555,2
940,32645,0,41105,2
941,32716,0,65536,2
942,32736,0,173555,2
943,32774,0,64,4
944,32777,0,64,4
945,32849,0,173555,2
946,32864,0,173555,2
948,32908,0,173555,2
949,32915,0,173555,2
950,32916,0,173555,2
954,33089,0,64,4
959,33480,0,173555,2
961,33500,0,196083,2
962,33542,0,173555,2
963,33626,0,173555,2
964,33750,4202496,40977,2
965,33792,0,262156,2
966,33796,0,262156,2
967,33808,0,8,2
968,33865,0,173555,2
969,33871,0,64,4
970,33925,0,173555,2
971,33964,0,173555,2
972,33990,1048608,31,4
973,33991,1048608,31,4
974,33992,1048608,31,4
975,33993,1024,31,4
976,33994,1024,31,4
977,33995,1024,31,4
978,33996,1024,31,4
979,33997,1024,31,4
980,33999,1024,31,4
981,34001,512,30,4
982,34002,512,30,4
983,34003,65536,30,4
984,34004,65536,30,4
987,34007,256,30,4
988,34008,256,30,4
989,34009,0,64,4
990,34010,0,714739,2
991,34100,0,262156,2
992,34339,0,9264,2
993,34340,0,9264,2
994,34451,0,65536,2
997,34583,0,262156,2
998,34641,0,65536,2
999,34799,0,173555,2
1000,34820,0,173555,2
1001,34829,0,262156,2
1002,34879,0,262156,2
1003,34920,0,173555,2
1004,34940,0,173555,2
1005,35040,0,65536,2
1006,35054,0,173555,2
1007,35144,0,173555,2
1008,35178,0,64,4
1009,35189,0,173555,2
1010,35262,0,65536,2
1011,35355,8,31,4
1012,35395,0,173555,2
1013,35401,0,262156,2
1014,35402,8,31,4
1015,35403,8,31,4
1016,35404,8,31,4
1017,35405,8,31,4
1018,35406,8,31,4
1019,35407,8,31,4
1020,35415,1050016,30,4
1021,35416,1050016,30,4
1022,35417,8,31,4
1023,35418,1050016,30,4
1024,35419,1050016,30,4
1025,35420,1050016,30,4
1026,35432,8,31,4
1027,35433,8,31,4
1028,35434,8,31,4
1029,35435,8,31,4
1030,35436,8,31,4
1031,35437,8,31,4
1032,35438,8,31,4
1033,35439,8,31,4
1034,35441,8,30,4
1035,35443,2,31,4
1036,35445,2,31,4
1037,35447,2,31,4
1038,35452,2,31,4
1039,35453,2,31,4
1040,35454,2,31,4
1041,35455,2,31,4
1042,35456,2,31,4
1043,35457,2,31,4
1044,35458,2,31,4
1047,35473,0,173555,2
1048,35488,128,31,4
1049,35489,128,31,4
1050,35490,128,31,4
1051,35495,128,31,4
1052,35511,0,262156,2
1089,35857,0,173555,2
1090,35871,0,173555,2
1092,35932,0,262156,2
1093,35946,0,262156,2
1094,35949,0,173555,2
1095,35950,0,262156,2
1096,35953,0,173555,2
1097,35964,0,262156,2
1102,36023,0,173555,2
1103,36054,0,173555,2
1104,36246,0,262156,2
1111,36293,0,262156,2
1118,36503,0,64,4
1120,36609,0,262156,2
1121,36623,0,262156,2
1122,36625,0,262156,2
1123,36647,0,173555,2
1125,36732,0,262156,2
1126,36787,0,173555,2
1128,36838,0,173555,2
1130,36980,0,12,2
1131,36984,0,262156,2
1132,36988,0,64,4
1133,36991,0,173555,2
1134,37154,0,262156,2
1135,37321,0,173555,2
1137,37551,0,262156,2
1138,37552,0,173555,2
1142,37577,0,173555,2
1143,37581,0,173555,2
1144,37770,0,262156,2
1145,37790,0,262156,2
1146,37847,0,262156,2
1148,37889,2,31,4
1149,37891,2,31,4
1150,37973,0,173555,2
1151,37974,0,173555,2
1152,37998,0,173555,2
1154,38031,0,96,4
1155,38094,0,262156,2
1156,38226,0,173555,2
1157,38233,0,64,4
1158,38260,0,173555,2
1159,38262,0,173555,2
1160,38295,0,262156,2
1161,38310,0,262156,2
1162,38370,0,262156,2
1163,38372,0,262156,2
1164,38383,0,262156,2
1165,38474,0,173555,2
1166,38572,0,173555,2
1167,38598,0,173555,2
1168,38615,0,174067,2
1169,38723,0,262156,2
1170,38742,0,173555,2
1171,38807,0,262156,2
1172,38846,0,173555,2
1174,38859,0,262156,2
1175,38861,0,262156,2
1176,38863,0,173555,2
1177,38875,0,173555,2
1178,38894,0,173555,2
1179,38904,0,65536,2
1180,38914,0,262156,2
1181,38940,0,262156,2
1182,38942,0,262156,2
1183,38943,0,262156,2
1184,38952,0,262156,2
1186,39047,0,173555,2
1187,39060,0,65536,2
1188,39061,0,65536,2
1189,39070,0,173555,2
1190,39079,0,262156,2
1191,39129,0,65536,2
1192,39135,0,173555,2
1194,39174,0,173555,2
1195,39182,0,262156,2
1196,39332,0,173555,2
1207,39595,0,173555,2
1214,40124,0,262156,2
1219,40317,0,65536,2
1220,40392,0,173555,2
1221,40413,0,65536,2
1222,40423,0,173555,2
1223,40444,0,64,4
1225,40872,0,262156,2
1226,40873,0,262156,2
1227,41063,0,173555,2
1228,41093,0,262156,2
1229,41104,0,64,4
1230,41169,0,262156,2
1231,41177,0,173555,2
1232,41178,0,173555,2
1233,41180,0,64,4
1234,41182,0,173555,2
1235,41186,0,262156,2
1236,41187,0,262156,2
1237,41188,0,262156,2
1238,41196,0,64,4
1239,41197,0,64,4
1240,41440,0,262156,2
1241,41448,0,262156,2
1253,42131,0,262156,2
1255,42476,0,262156,2
1256,42495,0,173555,2
1257,42579,0,262156,2
1258,42580,0,262156,2
1259,42587,0,173555,2
1260,42611,0,262156,2
1261,42620,0,714739,2
1262,42687,0,960511,2
1263,42723,0,3,2
1264,42724,0,173555,2
1265,42730,0,2,2
1266,42974,0,714739,2
1269,43118,0,173555,2
1270,43205,0,262156,2
1271,43246,0,173555,2
1272,43298,0,173555,2
1273,43410,0,173555,2
1274,43441,0,173555,2
1275,43529,0,173555,2
1276,43699,0,1048576,2
1278,44005,0,262156,2
1279,44119,512,30,4
1281,44268,0,173555,2
1282,44271,0,262156,2
1283,44285,0,262156,2
1284,44286,0,173555,2
1285,44383,0,64,4
1287,44484,1024,30,4
1288,44488,1024,31,4
1289,44489,0,64,4
1290,44492,1048608,30,4
1292,44500,65536,30,4
1293,44506,1024,30,4
1294,44508,256,30,4
1295,44509,1048608,30,4
1296,44510,0,702451,2
1297,44513,1024,30,4
1298,44524,0,702451,2
1299,44528,256,30,4
1300,44529,1024,30,4
1301,44533,0,173555,2
1302,44534,0,173555,2
1303,44555,512,30,4
1305,44575,512,30,4
1306,44576,0,698355,2
1307,44582,65536,30,4
1308,44584,256,30,4
1309,44588,1048608,30,4
1310,44589,256,30,4
1312,44591,65536,30,4
1313,44592,1024,30,4
1314,44593,512,30,4
1315,44595,0,132450,2
1317,44598,512,30,4
1318,44612,1024,30,4
1319,44616,512,30,4
1320,44621,0,698355,2
1321,44623,1048608,30,4
1322,44625,1024,31,4
1323,44629,0,702451,2
1324,44630,0,132450,2
1325,44631,65536,30,4
1326,44633,0,702451,2
1327,44635,512,30,4
1329,44639,0,262156,2
1331,44769,1024,30,4
1332,44949,0,42483,2
1333,44961,0,262156,2
1334,44968,1050024,30,4
1335,44972,0,262148,2
1337,45101,0,262156,2
1338,45172,0,262156,2
1339,45219,0,262156,2
1340,45229,0,262156,2
1342,45395,6430720,0,2
1343,45397,6430720,0,2
1344,45425,0,262156,2
1346,45578,0,262156,2
1347,45697,0,1048576,2
1348,45731,0,1048576,2
1349,45761,0,262156,2
1350,45902,0,173555,2
1352,46189,0,173555,2
1353,46460,0,262156,2
1354,46557,0,262156,2
1355,46558,0,173555,2
1356,46559,0,173555,2
1357,46578,0,714739,2
1358,46594,1048608,31,4
1359,46681,0,262156,2
1360,46762,0,64,4
1363,46982,0,8,2
1364,47001,0,262156,2
1365,47051,65536,31,4
1366,47059,0,262156,2
1367,47103,0,32,15
1369,47672,65536,30,4
1370,47715,512,30,4
1371,47766,1048608,31,4
1372,47780,0,173555,2
1373,47898,65536,30,4
1374,47899,65536,30,4
1375,47900,1048608,30,4
1376,47901,256,30,4
1377,47904,73572352,0,2
1380,48098,0,262156,2
1381,48115,0,262156,2
1382,48117,0,262156,2
1383,48245,0,173555,2
1384,48250,0,173555,2
1385,48288,0,173555,2
1386,48374,0,173555,2
1387,48376,0,48,2
1388,48401,0,32,15
1389,48424,0,262156,2
1390,48555,0,32,15
1391,48556,0,32,15
1392,48557,0,32,15
1393,48623,0,262156,2
1394,48639,0,173555,2
1395,48640,0,173555,2
1397,48815,0,262156,2
1398,48854,0,262156,2
1399,48871,0,262156,2
1400,48872,0,262156,2
1401,48880,0,173555,2
1402,49020,0,41105,2
1403,49028,0,173555,2
1404,49090,0,65536,2
1405,49091,0,65536,2
1406,49143,0,41105,2
1407,49197,0,262156,2
1410,49616,0,173555,2
1413,49644,0,173555,2
1415,49712,0,262156,2
1416,49863,0,96,4
1417,49998,0,173555,2
1418,50092,0,262156,2
1422,50483,4194304,64,4
1423,50512,0,0,2
1424,50573,0,173555,2
1426,50731,0,173555,2
1427,50733,0,262156,2
1431,50901,128,31,4
1432,50902,128,31,4
1435,50906,1050024,30,4
1436,50909,1050024,30,4
1438,50913,128,31,4
1439,50978,0,173555,2
1448,51690,0,173555,2
1451,51736,0,262156,2
1452,51742,0,262156,2
1453,51786,0,173555,2
1455,51907,0,262156,2
1456,52026,0,173555,2
1459,52221,0,173555,2
1460,52238,0,173555,2
1461,52270,0,262156,2
1462,52317,0,64,4
1463,52373,0,173555,2
1464,52374,0,173555,2
1465,52566,0,262156,2
1466,52604,0,262156,2
1467,52633,0,173555,2
1468,52634,0,64,4
1470,52654,0,173555,2
1471,52661,0,173555,2
1473,52718,0,262156,2
1474,52719,0,173555,2
1475,52743,0,173555,2
1476,52754,0,262156,2
1477,52755,0,262156,2
1478,52758,0,262156,2
1479,52764,0,262156,2
1480,52773,0,48,2
1481,52807,0,64,4
1482,52813,0,262156,2
1483,52818,0,262156,2
1484,52835,0,173555,2
1485,52873,0,173555,2
1486,52889,0,262156,2
1487,52890,0,173555,2
1488,53093,0,262156,2
1489,53193,0,262156,2
1490,53209,0,262156,2
1491,53214,0,262156,2
1494,53327,0,262156,2
1496,53332,0,262156,2
1499,53343,0,189939,2
1500,53344,0,189939,2
1501,53345,0,262156,2
1502,53348,0,262156,2
1506,53385,0,1378,2
1507,53395,0,173555,2
1509,53600,0,64,4
1510,53605,0,173555,2
1511,53631,0,173555,2
1512,53639,0,173555,2
1513,54188,0,173555,2
1514,54350,0,0,2
1515,54380,0,262156,2
1518,54615,0,262156,2
1519,54670,0,173555,2
1520,54736,64,30,4
1521,54793,64,30,4
1524,55002,65536,30,4
1525,55016,64,30,4
1527,55076,0,262156,2
1528,55090,0,1378,2
1531,55135,0,262156,2
1534,55470,0,173555,2
1536,55624,0,262156,2
1537,55625,0,262156,2
1539,55630,128,31,4
1540,55631,128,31,4
1541,55632,128,31,4
1542,55634,128,31,4
1548,55836,0,960511,2
1549,55968,0,173555,2
1550,55978,0,173555,2
1553,56095,32768,262148,2
1555,56353,0,96,4
1558,56855,0,173555,2
1559,57589,0,262156,2
1560,57643,0,0,0
1569,57755,0,173555,2
1570,57759,0,173555,2
1571,57841,0,173555,2
1572,57842,0,173555,2
1573,57846,0,173555,2
1574,58126,8,31,4
1575,58128,8,31,4
1576,58129,8,31,4
1577,58459,0,173555,2
1578,58460,0,173555,2
1580,58504,0,173555,2
1581,58508,0,173555,2
1582,58517,0,173555,2
1583,58813,0,64,4
1586,58973,0,262156,2
1587,59001,0,262156,2
1588,59035,0,173555,2
1589,59130,0,173555,2
1590,59133,0,173555,2
1591,59142,0,96,4
1592,59146,0,262156,2
1593,59147,0,262156,2
1594,59148,0,262156,2
1596,59239,0,173555,2
1597,59241,0,262156,2
1598,59243,0,262156,2
1599,59244,0,262156,2
1600,59249,0,65536,2
1601,59256,0,173555,2
1602,59262,0,173555,2
1604,59515,0,262156,2
1605,59604,0,173555,2
1606,59607,0,173555,2
1608,59619,0,702451,2
1609,59621,0,698355,2
1610,59625,0,698355,2
1613,59709,0,3,2
1614,59710,0,262156,2
1615,59713,0,262156,2
1616,59735,0,2,2
1617,59771,8,31,4
1618,59773,8,31,4
1619,59777,2,31,4
1620,59778,2,31,4
1621,59784,2,31,4
1622,59927,8,31,4
1623,59928,8,31,4
1624,59929,8,31,4
1625,59932,8,31,4
1626,59934,8,31,4
1627,59936,8,31,4
1628,59937,8,31,4
1629,59941,8,31,4
1630,59944,2,31,4
1631,59945,2,31,4
1632,59946,2,31,4
1633,59947,2,31,4
1634,59948,2,31,4
1635,59954,2,31,4
1636,59955,2,31,4
1637,59960,2,31,4
1638,59970,2,31,4
1639,59992,0,173555,2
1640,59993,0,262156,2
1641,60030,0,173555,2
1642,60103,4194304,173555,2
1643,60581,128,31,4
1644,60582,128,31,4
1647,60590,0,173555,2
1648,60606,256,30,4
1649,60609,65536,30,4
1650,60616,512,30,4
1651,60617,0,0,2
1652,60621,0,714739,2
1653,60623,256,30,4
1654,60653,0,64,4
1655,60663,65536,30,4
1656,60668,1024,30,4
1657,60691,0,136546,2
1658,60692,1048608,30,4
1659,60707,0,714739,2
1660,60714,0,702451,2
1661,60763,256,30,4
1662,60767,512,30,4
1664,60890,0,262156,2
1665,60926,0,262156,2
1666,60945,0,173555,2
1667,60951,0,173555,2
1668,60954,0,262156,2
1669,61042,0,173555,2
1670,61117,8,31,4
1671,61118,8,31,4
1672,61119,8,31,4
1673,61120,8,31,4
1674,61271,2,31,4
1675,61353,0,262156,2
1676,61355,0,262156,2
1677,61468,0,262156,2
1678,61512,0,262156,2
1679,61515,0,262156,2
1681,61647,0,262156,2
1683,62130,0,173555,2
1684,62158,0,1378,2
1685,62201,0,64,4
1686,62256,512,30,4
1687,62257,0,714739,2
1688,62318,0,262156,2
1689,62322,0,173555,2
1690,62332,0,64,4
1692,62384,8,31,4
1693,62420,0,64,4
1694,62444,0,173555,2
1695,62447,128,31,4
1696,62948,0,1024,2
1697,62959,0,1024,2
1700,63672,0,262156,2
1701,63746,256,30,4
1702,63753,0,173555,2
1705,63784,0,173555,2
1706,63785,0,173555,2
1707,64102,0,262156,2
1708,64380,0,173555,2
1710,64401,0,1048576,2
1711,64441,0,714739,2
1712,64579,0,714739,2
1717,64978,0,173555,2
1719,65866,0,262156,2
1720,65867,0,262156,2
1721,65868,0,262156,2
1722,65871,0,173555,2
1723,65877,0,262156,2
1724,65883,0,262156,2
1725,65924,0,173555,2
1726,65926,0,173555,2
1728,65940,0,173555,2
1729,65941,0,173555,2
1730,65946,0,173555,2
1731,65947,0,173555,2
1732,65954,0,173555,2
1733,65955,0,173555,2
1734,65957,0,173555,2
1735,65970,0,173555,2
1736,65971,0,173555,2
1737,65972,0,173555,2
1738,65974,4194304,173555,2
1739,66003,0,173555,2
1740,66006,0,173555,2
1741,66047,0,173555,2
1742,66079,0,262156,2
1743,66081,0,262156,2
1744,66188,0,173555,2
1747,66196,0,173555,2
1748,66198,0,173555,2
1749,66207,0,173555,2
1753,66331,0,64,2
1754,67237,0,173555,2
1756,67541,0,173555,2
1757,67542,0,173555,2
1758,67706,0,173555,2
1759,67709,0,173555,2
1760,67711,0,173555,2
1761,67716,0,173555,2
1762,67724,0,384,2
1763,67725,0,384,2
1764,67839,64,30,4
1789,68793,0,173555,2
1790,68959,0,64,2
1791,68960,0,64,2
1795,69579,0,173555,2
1796,69580,0,96,4
1797,69651,0,173555,2
1798,69652,0,173555,2
1799,69653,0,173555,2
1800,69710,0,262156,2
1801,70074,0,262156,2
1803,70188,0,173555,2
1804,70194,0,4,2
1805,70278,0,173555,2
1807,70292,0,173555,2
1808,70309,0,173555,2
1809,70513,32768,4,2
1810,70670,0,173555,2
1811,71021,0,173555,2
1812,71253,0,262156,2
1813,71257,2097152,106995,2
1814,71316,0,173555,2
1816,71488,0,173555,2
1817,71489,0,173555,2
1818,71549,0,173555,2
1819,71552,0,173555,2
1820,71554,0,173555,2
1821,71692,1024,31,4
1822,71879,0,173555,2
1823,71927,0,262156,2
1825,72194,0,64,4
1827,72198,0,173555,2
1828,72208,0,262156,2
1830,72222,0,262156,2
1832,72268,0,262156,2
1834,72335,0,173555,2
1835,72360,0,173555,2
1836,72422,0,173555,2
1845,73899,0,173555,2
1846,73975,0,173555,2
1847,74414,0,262156,2
1848,74417,0,262156,2
1849,74762,0,262156,2
1852,79187,0,262156,2
1854,81099,6299648,41105,2
1862,6466,0,65536,2
1867,9080,0,173555,2
1868,11397,0,262156,2
1869,11971,0,173555,2
1870,11972,0,64,4
1871,12540,0,173555,2
1879,13737,0,173555,2
1884,14517,0,173555,2
1885,14518,0,173555,2
1886,14873,0,173555,2
1887,15502,0,173555,2
1888,15572,0,173555,2
1889,15581,0,173555,2
1890,15667,0,173555,2
1891,16145,0,173555,2
1901,20735,0,262156,2
1903,22574,0,173555,2
1921,27991,0,173555,2
1925,36951,0,262156,2
1926,37360,0,174067,2
1927,38858,0,262156,2
1943,55655,64,31,4
1946,56034,128,31,4
1947,56039,128,31,4
1948,58461,0,173555,2
1949,59409,0,173555,2
1950,59608,0,173555,2
1959,62319,0,262156,2
1960,62690,0,262156,2
1962,62818,0,262156,2
1963,63282,0,262156,2
1964,63383,0,262156,2
1965,63509,0,262156,2
1966,64325,0,262156,2
1967,64326,0,262156,2
1970,64680,0,262156,2
1971,65556,0,262156,2
1972,65936,0,173555,2
1973,66062,0,262156,2
1974,66117,0,262156,2
1977,67301,0,262156,2
1978,67593,0,262156,2
1979,67595,0,262156,2
1981,68658,32768,262156,2
1982,68664,32768,262156,2
1983,69362,0,262156,2
1984,69373,0,262156,2
1985,69374,0,262156,2
1986,69439,0,262156,2
1987,69509,0,262156,2
1990,69591,0,262156,2
1991,70014,0,262156,2
1992,70092,0,262156,2
1993,70095,0,262156,2
1994,70166,0,64,4
1995,70316,0,173555,2
1996,70783,0,262156,2
1997,70796,0,262156,2
1999,71509,0,262156,2
2000,72114,0,262156,2
2001,72392,0,262156,2
2002,72403,0,262156,2
2003,72404,0,262156,2
2004,72651,0,262156,2
2005,72944,0,262156,2
2006,73100,0,262156,2
2007,73389,0,262156,2
2008,74132,1024,30,4
2009,74189,256,30,4
2010,74191,1048608,30,4
2011,74192,65536,30,4
2012,74193,512,30,4
2013,74195,0,714739,2
2014,74197,0,714739,2
2015,74198,1024,30,4
2016,74199,256,30,4
2017,74200,1048608,30,4
2018,74201,512,30,4
2019,74202,65536,30,4
2020,74207,0,64,4
2021,74211,0,714739,2
2022,74212,1024,30,4
2023,74213,256,30,4
2024,74214,1048608,30,4
2029,74220,1024,30,4
2030,74223,0,714739,2
2031,74225,0,714739,2
2032,74226,0,64,4
2033,74229,512,30,4
2034,74230,65536,30,4
2035,74231,1048608,30,4
2036,74232,512,30,4
2037,74234,65536,30,4
2038,74235,8404992,65,4
2039,74236,256,30,4
2040,74237,512,30,4
2041,74238,256,30,4
2042,74239,512,30,4
2043,74240,65536,30,4
2044,74242,0,714739,2
2045,74244,0,714739,2
2046,74246,0,714739,2
2047,74247,65536,30,4
2048,74248,512,30,4
2049,74250,1048608,30,4
2050,74251,1048608,30,4
2051,74252,256,30,4
2052,74253,256,30,4
2053,74254,1024,30,4
2054,74255,1024,30,4
2055,74256,512,30,4
2056,74279,0,262156,2
2057,74613,0,262156,2
2058,74716,0,262156,2
2059,74846,0,173555,2
2060,74868,0,65536,2
2061,75149,128,31,4
2062,75150,128,31,4
2063,75151,128,31,4
2064,75152,128,31,4
2065,75154,128,31,4
2066,75155,128,31,4
2071,75361,0,173555,2
2072,75380,0,262156,2
2073,75388,0,173555,2
2074,75436,0,173555,2
2075,75439,0,262156,2
2076,75571,0,173555,2
2078,76168,64,31,4
2079,76319,0,262156,2
2080,76320,0,262156,2
2081,76392,0,173555,2
2082,76402,0,262156,2
2083,76404,0,1,2
2084,76411,0,384,2
2085,76500,0,173555,2
2086,76511,0,173555,2
2087,76524,0,173555,2
2088,76561,0,173555,2
2089,76572,0,65536,2
2090,76582,0,173555,2
2091,76622,0,173555,2
2092,76727,0,173555,2
2093,76783,0,262156,2
2094,76901,0,173555,2
2095,77216,0,262156,2
2096,77302,0,262156,2
2097,77666,0,173555,2
2098,77670,0,173555,2
2099,77720,0,173555,2
2100,77889,0,262156,2
2101,78144,0,173555,2
2102,78146,4194304,173555,2
2103,78165,1050024,30,4
2104,78166,1050024,30,4
2105,78169,128,31,4
2106,78170,128,31,4
2107,78171,128,31,4
2108,78172,128,31,4
2109,78273,0,173555,2
2110,78587,0,262156,2
2111,78732,0,173555,2
2112,78733,0,173555,2
2113,78754,0,262156,2
2114,78827,0,173555,2
2115,78828,0,173555,2
2116,78841,0,262156,2
2118,79610,0,262156,2
2119,79732,0,64,4
2120,79851,0,173555,2
2121,79852,0,173555,2
2122,79878,0,173555,2
2124,79883,0,173555,2
2125,79885,0,173555,2
2126,79895,0,173555,2
2128,79926,0,173555,2
2129,79967,0,64,4
2130,80003,0,262156,2
2131,80009,0,262156,2
2132,80012,0,262156,2
2133,80015,0,262156,2
2134,80173,0,262156,2
2135,80390,0,173555,2
2136,80606,0,173555,2
2137,80881,0,262156,2
2138,81001,0,173555,2
2139,81378,0,173555,2
2140,81419,0,173555,2
2141,81460,0,173555,2
2142,81502,0,173555,2
2143,81655,0,262156,2
2180,82242,0,173555,2
2181,82243,0,173555,2
2182,82245,0,173555,2
2183,82246,0,173555,2
2184,81850,0,173555,2
2185,81932,0,262156,2
2186,81933,0,262156,2
2187,81934,0,262156,2
2189,82064,0,262156,2
2193,82200,64,30,4
2195,82226,0,173555,2
2196,82227,0,173555,2
2277,82548,0,64,4
2283,82668,0,262156,2
2284,82669,0,262156,2
2285,82672,0,173555,2
2286,82708,0,262156,2
2291,82800,0,64,4
2293,82844,0,262156,2
2300,83264,0,262156,2
2302,83908,0,173555,2
2308,84159,0,64,4
2312,84424,64,30,4
2313,84425,64,30,4
2314,84427,64,30,4
2315,84465,0,262156,2
2318,84630,0,262156,2
2319,84647,0,173555,2
2320,84659,0,262156,2
2323,84665,0,262156,2
2324,84675,0,262156,2
2329,84817,0,173555,2
2330,84833,0,262156,2
2331,84836,0,262156,2
2332,84837,0,262156,2
2333,84850,0,173555,2
2342,85232,0,262156,2
2343,85256,0,1378,2
2344,85288,0,1378,2
2345,85384,4194304,173555,2
2348,85687,0,0,2
2349,85700,0,173555,2
2352,85756,0,262156,2
2353,85948,0,1378,2
2366,86090,0,262156,2
2368,86092,1050602,4,4
2369,86093,1050602,4,4
2371,86096,1050602,4,4
2372,86097,1050602,4,4
2373,86099,1050602,8,4
2374,86100,1050602,8,4
2375,86101,1050602,16,4
2376,86102,1050602,16,4
2377,86103,1050602,16,4
2378,86104,1050602,4,4
2379,86108,1050602,8,4
2380,86110,1050602,16,4
2381,86113,1050602,16,4
2386,86375,8,31,4
2387,86401,8,31,4
2388,86402,8,31,4
2389,86403,8,31,4
2390,86535,1050602,16,4
2391,86536,1050602,16,4
2392,86537,1050602,16,4
2393,86538,1050602,8,4
2394,86539,1050602,16,4
2395,86604,0,173555,2
2398,86709,0,173555,2
2399,86717,0,262156,2
2400,86729,0,173555,2
2401,86738,0,173555,2
2402,86740,0,173555,2
2403,86745,0,173555,2
2404,86814,0,173555,2
2405,86816,0,262156,2
2406,86847,8,31,4
2407,86854,8,31,4
2412,86898,8,31,4
2413,86899,8,31,4
2414,86900,8,31,4
2415,86901,8,31,4
2416,86906,8,31,4
2417,86907,8,31,4
2418,86909,8,31,4
2419,86931,2,31,4
2420,86932,2,31,4
2421,86933,2,31,4
2422,86934,2,31,4
2425,87337,0,173555,2
2427,87603,0,262156,2
2428,87646,0,1048576,2
2429,87771,0,173555,2
2432,88376,0,262156,2
2433,88377,0,262156,2
2434,88386,0,262156,2
2435,88445,0,262156,2
2439,88570,0,262156,2
2440,88580,0,262156,2
2441,88714,0,262156,2
2444,89205,0,262156,2
2446,89554,0,173555,2
2447,89710,0,262156,2
2449,89753,0,173555,2
2451,30213,0,0,2
2452,90098,0,173555,2
2453,43107,0,65536,2
2454,90397,0,0,2
2455,90488,0,262156,2
2458,90662,0,0,2
2460,90667,0,173555,2
2462,90960,0,0,2
2465,91348,0,173555,2
2466,91426,0,173555,2
2467,91463,0,64,4
2468,91579,0,262156,2
2469,91801,0,173555,2
2472,92433,0,96,4
2473,92437,0,96,4
2483,93224,0,173555,2
2484,93448,0,960511,2
2486,93474,0,327692,2
2487,93496,0,327692,2
2488,93550,0,262156,2
2489,93634,0,262156,2
2495,93693,0,64,4
2496,93722,0,64,4
2499,93826,0,173555,2
2500,93833,0,173555,2
2501,93834,0,173555,2
2512,94651,0,262156,2
2514,61602,0,65536,2
2517,95244,0,1048576,2
2518,95283,0,262156,2
2521,95471,0,1378,2
2523,93373,0,196083,2
2525,95826,0,262156,2
2543,96097,0,173555,2
2544,96103,0,173555,2
2558,96189,0,262156,2
2559,96245,2,31,4
2560,96246,2,31,4
2561,96247,2,31,4
2562,96249,8,31,4
2563,96250,8,31,4
2564,96251,8,31,4
2565,96261,512,30,4
2566,96262,512,30,4
2567,96264,512,30,4
2568,96286,0,1048576,2
2581,96421,0,65536,2
2586,97153,0,262156,2
2587,97154,0,262156,2
2588,97155,0,262156,2
2589,97156,0,262156,2
2664,98468,0,262156,2
2665,98822,0,262156,2
2666,98849,0,1048576,2
2671,99103,0,262156,2
2672,99212,0,173555,2
2675,99315,0,1048576,2
2676,99623,0,262156,2
2678,99931,0,64,2
2679,100130,4194304,1378,2
2690,100526,0,173555,2
2700,101598,128,31,4
2710,102411,0,262156,2
2711,102598,0,173555,2
2712,102599,0,64,4
2718,103000,0,173555,2
2719,103001,0,173555,2
2720,103002,0,173555,2
2728,103842,0,262156,2
2731,104338,512,30,4
2732,104385,512,30,4
2734,104389,512,30,4
2735,104390,512,30,4
2736,104391,512,30,4
2737,104392,1048608,30,4
2738,104393,1048608,30,4
2739,104395,1048608,30,4
2740,104397,1048608,30,4
2741,104398,65536,30,4
2742,104401,65536,30,4
2743,104403,65536,30,4
2744,104404,65536,30,4
2746,104407,256,30,4
2747,104408,256,30,4
2748,104409,256,30,4
2749,104414,256,30,4
2750,104416,1024,30,4
2751,104417,1024,30,4
2752,104419,1024,30,4
2753,104420,1024,30,4
2754,104425,0,567283,2
2755,104427,0,567283,2
2756,104430,0,567283,2
2757,104434,0,704499,2
2758,104440,0,567283,2
2759,104442,0,567283,2
2760,104445,12599296,65,4
2789,105914,0,64,4
2804,106492,0,327692,2
2807,107105,0,173555,2
2863,108115,0,714227,2
2864,108126,0,173555,2
2907,109086,0,262156,2
2908,109093,0,262156,2
2909,109099,64,30,4
2912,109464,0,173555,2
2950,102978,0,327692,2
2951,108443,0,327692,2
2952,110695,0,327692,2
2953,110764,0,178163,2
2954,110781,0,262156,2
2966,111107,0,173555,2
3001,111801,0,256,2
3007,112059,1048608,30,4
3014,112894,0,262156,2
3015,112931,0,173555,2
3019,113011,8,31,4
3020,113020,0,173555,2
3021,113044,8,31,4
3022,113045,8,31,4
3023,113046,8,31,4
3024,113047,8,31,4
3025,113048,8,31,4
3125,107570,0,173555,2
3164,115199,0,262156,2
3166,115356,0,173555,2
3167,115357,0,173555,2
3168,115360,0,173555,2
3169,115440,0,262156,2
3173,115832,0,173555,2
3182,108211,0,41105,2
3188,116599,0,173555,2
3200,116993,0,173555,2
3201,117287,0,173555,2
3206,117831,0,64,4
3207,117840,0,173555,2
3209,118038,0,173555,2
3213,118225,0,65536,2
3214,118228,0,262156,2
3219,115519,0,173555,2
3239,119419,0,173555,2
3244,119438,0,262156,2
3250,119695,0,262156,2
3251,119699,0,262156,2
3253,119811,0,8,4
3254,119843,0,173555,2
3257,120148,0,262156,2
3258,120166,0,173555,2
3260,120224,1050602,4,4
3261,120225,1050602,4,4
3262,120227,1050602,4,4
3270,120360,0,262156,2
3271,120361,0,262156,2
3276,120436,0,173555,2
3277,120440,0,173555,2
3278,120442,0,173555,2
3279,120445,0,173555,2
3280,120487,0,173555,2
3281,120489,0,173555,2
3286,120553,6291456,322,2
3290,120667,0,262156,2
3326,121097,0,262156,2
3336,121192,8,31,4
3337,121193,8,31,4
3338,121194,8,31,4
3339,121195,8,31,4
3341,121263,0,262156,2
5260,121900,0,173555,2
5261,121902,0,173555,2
5262,121960,0,173555,2
5265,121988,0,976895,2
5266,115062,0,131136,2
5368,122386,128,31,4
5369,122387,128,31,4
5370,122388,128,31,4
5371,122392,128,31,4
5372,122393,128,31,4
5375,122542,0,262156,2
5383,122879,0,173555,2
5384,122880,0,173555,2
5385,122885,0,173555,2
5386,122886,0,173555,2
5394,23922,0,64,4
5395,123417,0,173555,2
5396,123420,0,173555,2
5397,123434,0,173555,2
5399,123655,0,173555,2
5405,123829,0,64,4
5406,123830,0,64,4
5407,123831,0,64,4
5408,123649,8192,48,2
5409,124091,1050024,30,4
5410,124116,128,31,4
5411,124118,128,31,4
5412,124119,128,31,4
5414,123652,8192,48,2
5415,123651,8192,48,2
5421,124559,128,30,4
5422,124561,128,30,4
5423,124563,128,30,4
5424,124564,128,30,4
5425,124565,128,30,4
5426,124566,128,30,4
5427,124567,128,30,4
5428,124568,128,30,4
5429,124569,128,30,4
5452,125164,0,1048576,2
5456,125268,0,173555,2
5457,125299,0,173555,2
5459,125474,0,262156,2
5463,125496,128,31,4
5464,125497,128,31,4
5480,125888,0,173555,2
5481,125905,0,262156,2
5482,125906,0,262156,2
5483,125909,0,262156,2
5484,125910,0,262156,2
5486,125978,0,64,4
5488,126136,0,173555,2
5489,126177,0,64,2
5490,126189,0,64,2
5492,126194,0,64,2
5493,126298,0,16,2
5494,126338,0,16,2
5495,126339,0,64,4
5496,126346,0,262156,2
5497,126354,0,327692,2
5498,126365,0,173555,2
5499,126392,65536,30,4
5500,126397,0,173555,2
5501,126581,0,262156,2
5502,126595,0,262156,2
5504,126627,0,262156,2
5506,126822,0,173555,2
5507,127012,8,31,4
5508,127013,8,31,4
5509,127014,8,31,4
5510,127015,8,31,4
5533,127840,0,173555,2
5534,127870,0,262156,2
5537,127933,0,262156,2
5538,127936,0,262156,2
5539,127937,0,262156,2
5540,127951,0,262156,2
5541,127961,0,262156,2
5549,128286,0,960511,2
5561,118963,0,41105,2
5562,121185,0,41105,2
5563,121173,0,64,4
5565,128440,6291456,0,2
5567,128513,6291456,0,2
5568,128587,0,1048576,2
5569,109248,0,262156,2
5573,128748,0,173555,2
5574,128749,0,173555,2
5575,128750,0,173555,2
5576,121479,0,173555,2
5582,128918,0,173555,2
5583,128937,0,262156,2
5584,128957,0,262156,2
5585,128969,0,173555,2
5586,128970,0,173555,2
5590,128998,0,262156,2
5599,129203,0,262156,2
5600,129205,0,262156,2
5614,129410,0,41105,2
5615,129412,0,41105,2
5616,129413,0,41105,2
5622,129564,0,173555,2
5623,129643,0,262156,2
5624,129780,0,64,2
5628,129859,0,173555,2
5629,129636,0,173555,2
5632,130198,0,173555,2
5633,130266,0,262156,2
5634,130406,0,173555,2
5635,130414,0,262156,2
5636,130417,0,173555,2
5637,130418,0,173555,2
5638,130419,0,64,4
5639,130442,0,262156,2
5640,130466,0,354,2
5642,130495,0,8,2
5647,130515,0,41105,2
5648,130521,0,41105,2
5649,130524,0,41105,2
5653,130736,0,173555,2
5654,130749,512,30,4
5655,130758,0,64,4
5662,130791,0,262156,2
5664,115511,0,173555,2
5669,131022,0,262156,2
5670,131024,0,8,2
5674,131070,0,64,4
5676,131091,0,262156,2
5681,131126,0,64,2
5693,131424,0,173555,2
5694,131464,0,96,4
5695,131467,64,31,4
5707,131490,0,1048576,2
5709,131512,0,173555,2
5710,131659,0,173555,2
5711,131657,0,173555,2
5712,131743,0,64,2
5716,131862,128,31,4
5717,131863,128,31,4
5718,131991,0,262156,2
5719,131995,0,262156,2
5723,132031,0,262156,2
5761,132169,0,173555,2
5787,132331,0,173555,2
5792,13877,0,41105,2
5793,53595,0,41105,2
5794,88263,0,173555,2
5907,132738,0,0,2
5910,132829,0,262156,2
6071,133998,0,173555,2
6073,134058,0,262156,2
6085,134786,0,42483,2
6086,134822,0,173555,2
6089,134871,65536,30,4
6093,135220,0,262156,2
6100,135425,0,173555,2
6101,135426,0,0,2
6102,135269,0,173491,2
6103,135584,0,262156,2
6104,135619,0,2097151,2
6105,135620,0,64,4
6106,135650,0,262156,2
6107,106646,0,173555,2
6108,124277,0,173555,2
6111,135818,0,173555,2
6120,136213,69378048,828927,2
6150,136670,0,173555,2
6158,136585,0,0,2
6176,131086,0,64,4
6177,137427,0,262156,2
6180,137732,0,173555,2
6182,138165,0,173555,2
6185,138781,0,262156,2
6186,138783,0,262156,2
6187,138784,0,262156,2
6191,138989,0,262156,2
6192,139035,0,173555,2
6200,139631,0,966655,2
6212,139777,0,173555,2
6214,140049,0,173555,2
6215,95738,0,173555,2
6216,140112,0,41105,2
6217,140157,0,262156,2
6218,140158,0,262156,2
6220,140339,0,262156,2
6222,140414,0,173555,2
6226,140592,0,262156,2
6237,140659,0,64,4
6242,140817,0,173555,2
6247,135434,0,0,2
6248,140883,0,0,2
6249,140892,0,0,2
6250,140893,0,0,2
6283,141167,8,31,4
6284,141168,65536,30,4
6285,141170,512,30,4
6286,141173,1024,30,4
6287,141174,128,31,4
6288,141175,256,30,4
6289,141176,12599296,65,4
6290,141177,0,566771,2
6292,112896,0,1,2
6293,141330,1024,30,4
6296,141374,0,262156,2
6297,141445,1048608,30,4
6301,132942,0,128,2
6302,141438,0,128,2
6306,141785,0,262156,2
6307,141862,1024,30,4
6308,141868,512,30,4
6310,141971,8,31,4
6311,141973,65536,30,4
6312,141974,512,30,4
6313,141975,1024,30,4
6314,141976,128,31,4
6315,141977,256,30,4
6316,141978,12599296,65,4
6317,141981,0,566771,2
6318,141982,1048608,30,4
6319,141983,1024,30,4
6320,141984,512,30,4
6321,127280,0,262156,2
6331,141769,0,16,2
6340,142173,65536,30,4
6341,142175,1048608,30,4
6342,142177,512,30,4
6343,142178,2048,0,4
6344,142294,0,262156,2
6351,142468,0,704499,2
6352,142469,0,567283,2
6353,142449,0,262156,2
6354,142624,0,173555,2
6355,142632,0,262156,2
6359,142882,0,173555,2
6360,142176,0,8,2
6377,143492,0,262156,2
6400,144736,1024,31,4
6401,144839,0,262156,2
6402,144844,0,262156,2
6416,145421,0,41105,2
6425,145654,0,262156,2
6426,145656,0,262156,2
6427,145661,0,262156,2
6428,145665,0,262156,2
6429,145667,0,262156,2
6432,145759,0,262156,2
6433,145764,0,173555,2
6440,146475,4194304,173555,2
6446,146676,4194304,173555,2
6448,146704,0,173555,2
6449,146741,0,173555,2
6450,146747,0,173555,2
6451,146768,0,262156,2
6452,146772,0,262156,2
6453,146773,0,262156,2
6456,144582,0,173555,2
6460,147093,4194304,173555,2
6462,147311,0,262156,2
6463,147362,0,262156,2
6489,148025,0,173555,2
6497,148444,0,196595,2
6502,147085,0,5474,2
6508,147552,0,262156,2
6509,146763,0,262156,2
6525,149308,0,8,2
6543,149722,0,0,2
6553,150100,0,262156,2
6554,150128,0,262156,2
6555,150129,0,262156,2
6563,150415,0,173555,2
6564,145907,0,173555,2
6565,149949,0,32768,2
6573,151010,0,173555,2
6575,151044,0,262156,2
6576,151072,0,262156,2
6578,151274,0,327692,2
6653,152150,0,41105,2
6654,151008,0,256,2
6659,152363,0,131136,2
6660,152362,0,131136,2
6664,152623,0,173555,2
6667,148240,0,173555,2
6716,153257,0,96,4
6727,153401,0,0,2
6753,153734,0,65536,2
6764,154567,0,65536,2
6765,154648,0,65536,2
6780,155381,0,262156,2
6784,155510,0,173555,2
6785,155513,0,173555,2
6786,155581,0,173555,2
6788,155692,1024,31,4
6802,156050,0,262156,2
6803,156061,0,262156,2
6808,156307,0,173555,2
6810,156327,0,41105,2
6814,156527,0,41105,2
6816,156671,0,262156,2
6821,156796,0,65536,2
6822,5374,0,32768,2
6838,157344,0,173555,2
6839,157356,0,262156,2
6850,158198,0,64,4
6855,158600,0,173555,2
6859,158877,65536,31,4
6860,158878,65536,31,4
6861,158879,65536,31,4
6862,158880,65536,31,4
6863,158881,65536,31,4
6866,158884,65536,31,4
6867,158885,65536,31,4
6868,158886,65536,31,4
6869,158887,65536,31,4
6870,158889,65536,31,4
6873,158892,4,31,4
6874,158893,4,31,4
6875,158894,4,31,4
6876,158895,4,31,4
6877,158896,4,31,4
6880,158899,4,31,4
6881,158900,4,31,4
6882,158901,4,31,4
6883,158902,4,31,4
6884,158903,4,31,4
6887,158907,2048,31,4
6888,158908,2048,31,4
6889,158909,2048,31,4
6890,158910,2048,31,4
6891,158911,2048,31,4
6894,158914,2048,31,4
6895,158915,2048,31,4
6896,158916,2048,31,4
6897,158917,2048,31,4
6898,158918,2048,31,4
6901,159085,0,262156,2
6902,159235,0,567283,2
6903,159236,0,567283,2
6904,159241,0,173555,2
6905,159354,0,174067,2
6907,159513,0,173555,2
6908,159588,0,262156,2
6909,159597,0,65536,2
6910,159671,0,567283,2
6911,159672,0,567283,2
6912,159673,0,567283,2
6913,159674,0,567283,2
6914,159790,0,173555,2
6915,160000,0,16,2
6916,160184,0,262156,2
6917,160189,0,262156,2
6918,160503,0,262156,2
6922,161340,0,262156,2
6923,161447,0,173491,2
6925,161590,0,173555,2
6929,162243,0,174067,2
6935,162426,0,1048576,2
6937,162536,0,262156,2
6938,162537,0,262156,2
6939,162539,0,262156,2
6940,162541,0,262156,2
6942,162546,0,262156,2
6943,162638,0,64,4
6944,162665,0,262156,2
6945,162754,0,262156,2
6946,162777,0,262156,2
6950,162794,0,174067,2
6952,163201,0,173555,2
6954,163358,0,173555,2
6956,163558,0,173555,2
6958,163921,0,262156,2
6960,164091,0,173555,2
6961,164095,0,262156,2
6962,164340,0,262156,2
6963,164457,0,173555,2
6964,164461,0,173555,2
6965,164466,0,173555,2
6966,164491,0,173555,2
6967,164527,0,173555,2
6968,164531,0,173555,2
6969,165714,0,64,4
6970,165722,0,173555,2
6971,165755,0,173555,2
6972,165760,0,173555,2
6976,165944,0,173555,2
6977,166291,0,262156,2
6978,166331,0,262156,2
6979,166844,0,173555,2
6980,167105,0,173555,2
6981,167120,0,262156,2
6987,1715,0,173555,2
6988,167363,0,262156,2
6993,168941,0,262156,2
6998,169429,0,96,4
7002,170627,0,567283,2
7003,170628,0,567283,2
7004,170629,0,567283,2
7005,170630,0,567283,2
7006,170631,0,567283,2
7007,170661,0,262156,2
7008,170886,0,1048576,2
7009,148826,0,2097151,2
7010,171454,0,262156,2
7011,171457,0,262156,2
7013,171894,0,262156,2
7020,172193,0,262156,2
7021,172567,0,173555,2
7022,172718,0,262156,2
7023,172719,0,262156,2
7024,172736,0,262156,2
7026,172938,0,566771,2
7029,173148,0,262156,2
7030,173240,0,173555,2
7031,173287,0,262156,2
7032,173323,0,567283,2
7033,173458,0,32768,2
7034,173642,0,262156,2
7038,173716,0,566771,2
7039,173717,0,566771,2
7040,173718,0,566771,2
7041,173719,0,1024,2
7042,173720,0,566771,2
7043,173721,0,566771,2
7044,173722,0,566771,2
7045,173723,0,566771,2
7046,173724,0,566771,2
7047,173725,0,566771,2
7048,173726,0,566771,2
7049,173727,0,566771,2
7050,173728,0,566771,2
7051,173729,0,566771,2
7052,173730,0,566771,2
7053,173731,0,566771,2
7054,173732,0,566771,2
7055,173831,0,262156,2
7056,173832,0,262156,2
7057,173833,0,262156,2
7059,174333,0,173555,2
7060,174412,0,262156,2
7061,174471,0,1048576,2
7062,174503,0,173555,2
7067,175070,0,566771,2
7068,175071,0,566771,2
7069,175072,0,566771,2
7070,175074,0,566771,2
7071,175076,0,566771,2
7072,175078,0,566771,2
7073,175085,0,566771,2
7074,175086,0,566771,2
7075,175105,0,0,2
7076,175165,0,566771,2
7077,175221,0,262156,2
7078,175246,0,41105,2
7079,175247,0,41105,2
7080,175250,0,0,2
7081,175369,0,1048576,2
7082,176050,0,173555,2
7083,176289,0,173555,2
7086,177113,0,262156,2
7087,177355,0,566771,2
7088,168120,2,0,4
7089,168095,2,0,4
7090,177361,67141632,0,2
7091,177362,67141632,0,2
7092,152277,0,173555,2
7099,178052,0,173555,2
7100,178053,0,173555,2
7101,178054,0,173555,2
7102,178236,0,41105,2
7103,178247,8392704,0,4
7104,165836,8392704,0,4
7105,178250,0,525312,2
7106,165808,0,525312,2
7107,178308,0,566771,2
7108,178309,0,566771,2
7109,178317,0,262156,2
7111,86091,1050602,2,4
7112,89745,1050602,2,4
7113,89744,1050602,2,4
7114,178734,0,173555,2
7116,178808,0,8337,2
7120,178976,1050602,4,4
7124,180781,0,96,4
7130,181411,0,525312,2
7131,181412,8392704,0,4
7132,181413,67141632,0,2
7133,181414,2,0,4
7135,181870,0,566771,2
7136,181930,0,262156,2
7137,182106,0,262156,2
7141,182330,0,173555,2
7142,182466,0,262156,2
7143,182661,0,64,4
7144,174979,0,566771,2
7147,183197,0,65536,2
7149,183440,0,0,4
7150,183441,0,0,4
7151,183442,0,0,4
7152,183484,0,0,4
7160,183724,0,173555,2
7161,183725,0,173555,2
7162,183726,0,173555,2
7163,183736,0,262156,2
7165,183909,0,0,2
7167,184089,0,262156,2
7168,184280,0,173555,2
7171,184575,0,1378,2
7172,184707,4194304,173555,2
7173,184709,4194304,173555,2
7179,185358,0,262156,2
7184,185419,0,262156,2
7185,185438,0,32768,2
7187,185587,0,1048576,2
7188,185855,0,1378,2
7190,185901,0,262156,2
7194,186270,0,1378,2
7197,186387,0,262156,2
7225,187219,0,64,4
7226,187504,0,525312,2
7227,187505,8392704,0,4
7228,187506,67141632,0,2
7229,187507,2,0,4
7230,187527,0,525312,2
7231,187528,8392704,0,4
7232,187529,67141632,0,2
7233,187530,2,0,4
7234,187535,0,525312,2
7235,187537,8392704,0,4
7236,187538,2,0,4
7242,187552,67141632,0,2
7243,187630,0,262156,2
7246,187707,0,173555,2
7247,187708,0,1378,2
7248,187723,0,174067,2
7253,187874,4194304,173555,2
7254,187880,0,0,2
7255,187966,0,262156,2
7257,188224,0,262156,2
7258,188279,0,262156,2
7259,188435,0,173555,2
7260,188436,0,173555,2
7261,188478,0,173555,2
7262,188486,0,262156,2
7263,188499,0,174067,2
7264,188624,0,173555,2
7265,188675,4096,0,4
7266,188677,4096,0,4
7268,188734,0,262156,2
7272,189048,0,262156,2
7274,189070,0,64,4
7277,189236,67141632,0,2
7278,189237,67141632,0,2
7279,189238,67141632,0,2
7280,189239,67141632,0,2
7281,189534,0,173555,2
7283,189636,2097152,41105,2
7284,189661,0,262156,2
7287,189725,0,173555,2
7288,189726,0,173555,2
7289,189747,0,0,2
7292,190057,0,173555,2
7293,190115,0,262156,2
7294,190190,0,0,2
7295,190220,0,0,2
7296,190226,0,0,2
7298,190250,2097152,41105,2
7299,190254,2097152,41105,2
7300,190255,2097152,41105,2
7301,190342,2097152,41105,2
7304,190411,0,173555,2
7305,190414,4194304,41105,2
7306,190415,6291456,41105,2
7307,190428,6291456,41105,2
7309,190443,4194304,41105,2
7310,190822,0,173555,2
7314,190861,0,262156,2
7315,190866,2048,31,4
7316,190867,2048,31,4
7317,190868,2048,31,4
7318,190869,2048,31,4
7319,190870,2048,31,4
7320,190871,2048,31,4
7321,190872,2048,31,4
7322,190873,2048,31,4
7323,190874,65536,31,4
7324,190875,65536,31,4
7325,190876,65536,31,4
7326,190877,65536,31,4
7327,190878,65536,31,4
7328,190879,65536,31,4
7329,190892,4,31,4
7330,190893,4,31,4
7331,190894,4,31,4
7332,190898,2097152,41105,2
7333,190925,0,1378,2
7335,190928,0,1378,2
7336,190954,8,31,4
7337,190955,8,31,4
7338,190956,8,31,4
7339,190957,8,31,4
7340,190976,0,173555,2
7341,190988,1024,31,4
7342,190989,1024,31,4
7343,190990,1024,31,4
7344,190991,1024,31,4
7345,190992,2048,31,4
7346,190993,2048,31,4
7347,190994,2048,31,4
7348,190995,2048,31,4
7349,190996,2048,31,4
7350,190997,2048,31,4
7351,190998,2048,31,4
7352,190999,2048,31,4
7353,191000,65536,31,4
7354,191001,65536,31,4
7355,191002,65536,31,4
7356,191003,65536,31,4
7357,191004,65536,31,4
7358,191005,65536,31,4
7359,191006,4,31,4
7360,191007,4,31,4
7361,191008,4,31,4
7362,191009,2048,31,4
7363,191010,2048,31,4
7364,191011,2048,31,4
7365,191012,2048,31,4
7366,191013,2048,31,4
7367,191014,2048,31,4
7368,191015,2048,31,4
7369,191016,2048,31,4
7370,191017,65536,31,4
7371,191018,65536,31,4
7372,191019,65536,31,4
7373,191020,65536,31,4
7374,191021,65536,31,4
7375,191022,65536,31,4
7376,191023,4,31,4
7377,191024,4,31,4
7378,191025,4,31,4
7379,191026,2097152,41105,2
7380,191029,2097152,41105,2
7381,191043,0,262156,2
7382,191058,2097152,41105,2
7383,191083,0,173555,2
7384,191098,0,173555,2
7385,191100,0,173555,2
7386,191102,2097152,41105,2
7387,191215,0,566771,2
7391,191401,0,262156,2
7394,191652,0,173555,2
7395,191799,0,262156,2
7396,191887,0,64,4
7397,192218,0,173555,2
7398,192219,0,173555,2
7399,192224,0,173555,2
7400,192227,0,173555,2
7401,192566,0,173555,2
7405,192945,0,173555,2
7406,192997,0,1088,2
7407,193027,0,0,4
7408,193028,0,0,4
7409,193029,0,0,4
7410,193030,0,0,4
7411,193031,0,0,4
7412,193032,0,0,4
7413,193033,0,0,4
7414,193034,0,0,4
7415,193035,0,0,4
7416,193036,0,0,4
7417,193037,0,0,4
7418,193038,0,0,4
7419,193039,0,0,4
7420,193040,0,0,4
7421,193041,0,0,4
7422,193042,0,0,4
7423,193043,0,0,4
7424,193115,0,173555,2
7427,193315,0,173555,2
7433,193455,0,262156,2
7436,193694,0,262156,2
7437,193722,0,0,2
7439,193786,0,173555,2
7440,193796,0,173555,2
7442,194284,0,262156,2
7445,194386,0,262156,2
7446,194429,0,32768,2
7447,194430,0,262156,2
7449,194473,0,173555,2
7451,194599,0,262156,2
7455,194872,0,173555,2
7457,195182,0,173555,2
7458,195304,0,512,2
7459,185123,0,174067,2
7461,195452,0,173555,2
7462,195575,0,173555,2
7463,195580,0,173555,2
7465,195592,0,173555,2
7466,195645,0,173555,2
7467,195900,0,262156,2
7468,196133,0,173555,2
7470,196186,0,64,4
7471,196187,0,64,4
7476,196618,2097152,41105,2
7477,196655,2097152,41105,2
7478,196778,0,173555,2
7479,196819,0,173555,2
7480,196834,0,173555,2
7486,196937,0,173555,2
7487,197033,0,262156,2
7490,197137,0,262156,2
7492,197155,0,262156,2
7493,197191,0,262156,2
7495,197393,0,173555,2
7496,197395,0,173555,2
7498,197638,0,173555,2
7499,197214,0,173555,2
7500,197834,0,173555,2
7501,197854,0,173555,2
7502,197864,0,262156,2
7504,198137,0,173555,2
7508,198259,0,173555,2
7511,198670,0,262156,2
7512,198715,0,173555,2
7514,198804,0,173555,2
7552,198912,0,64,4
7553,184367,0,1378,2
7554,199512,0,64,4
7556,199547,0,174067,2
7557,199552,0,174067,2
7558,199658,0,173555,2
7559,199667,0,173555,2
7560,199753,0,173555,2
7562,199850,0,173555,2
7563,199851,0,42483,2
7564,199852,0,173555,2
7568,200108,0,173555,2
7569,200412,6291456,41105,2
7570,200419,6291456,41105,2
7571,200435,6291456,41105,2
7572,200671,0,0,4
7573,200685,0,174067,2
7575,200758,0,32768,2
7576,200772,0,262156,2
7577,200800,0,41105,2
7578,200802,0,41105,2
7580,201363,4194304,173555,2
7581,201364,4194304,173555,2
7583,201427,0,174067,2
7584,201428,0,174067,2
7585,201429,0,174067,2
7587,201858,0,262156,2
7589,201898,0,173555,2
7590,201902,0,262156,2
7591,202004,0,173555,2
7596,202390,0,173555,2
7601,202800,0,1378,2
7603,203195,0,173555,2
7607,203724,0,174067,2
7608,203782,0,174067,2
7609,203796,0,174067,2
7611,204157,0,174067,2
7612,204175,0,173555,2
7613,204226,0,262156,2
7616,204304,0,262156,2
7618,204464,0,262156,2
7619,204488,0,173555,2
7620,205207,0,262156,2
7621,205223,0,173555,2
7622,205434,0,173555,2
7623,205435,0,173555,2
7624,205436,0,173555,2
7625,205437,0,173555,2
7626,205438,0,262156,2
7627,205439,0,262156,2
7628,205441,0,262156,2
7629,205545,0,173555,2
7630,205546,0,173555,2
7631,205547,0,173555,2
7632,205562,0,262156,2
7633,205689,0,262156,2
7637,205784,0,262156,2
7638,205785,0,262156,2
7640,206051,0,4,2
7641,206061,0,4,2
7642,206075,0,4,2
7644,206097,0,4,2
7646,206126,0,4,2
7647,206135,0,4,2
7649,206251,0,4,2
7650,206266,0,4,2
7651,206755,0,173555,2
7654,206930,0,173555,2
7656,207230,0,173555,2
7657,207260,0,262156,2
7658,207311,0,173555,2
7661,207731,0,262156,2
7662,207765,0,173555,2
7663,207802,0,262156,2
7664,207982,0,173555,2
7669,208086,0,173555,2
7671,208193,0,262156,2
7672,208224,0,173555,2
7673,208225,0,173555,2
7678,208678,0,173555,2
7681,206328,0,32768,2
7682,209789,0,262156,2
7683,209792,0,262156,2
7685,210152,0,174067,2
7686,210153,0,174067,2
7687,210155,0,174067,2
7689,210608,0,16,15
7690,210626,0,16,15
7691,210628,0,16,15
7699,211813,0,174067,2
7704,212204,0,32768,2
7709,212331,0,64,2
7710,212353,0,64,2
7711,212423,0,262156,2
7712,212426,0,262156,2
7713,212431,0,262156,2
7714,212621,0,262156,2
7718,213127,0,262156,2
7719,213241,0,174067,2
7720,213243,0,174067,2
7721,210854,0,41105,2
7722,213379,0,0,2
7724,213678,0,262156,2
7725,213691,0,262156,2
7726,213791,0,173555,2
7727,213793,0,173555,2
7728,213795,0,173555,2
7729,213829,0,262156,2
7730,213830,0,262156,2
7731,213842,0,173555,2
7732,213843,0,173555,2
7733,213844,0,173555,2
7734,213847,0,173555,2
7737,214545,0,173555,2
7738,214579,0,262156,2
7740,214988,2097152,41105,2
7741,215537,0,173555,2
7744,215661,0,173555,2
7747,217020,0,173555,2
7749,217058,0,173555,2
7751,217854,0,173555,2
7752,217855,0,173555,2
7754,217955,0,173555,2
7755,217956,0,173555,2
7756,217957,0,173555,2
7757,218096,0,64,4
7758,218097,0,173555,2
7759,218098,0,262156,2
7760,218109,0,173555,2
7761,218162,0,173555,2
7762,218163,0,173555,2
7764,205523,0,1378,2
7765,218356,0,173555,2
7766,218501,0,64,4
7767,212436,0,1378,2
7768,218617,4194304,173555,2
7770,219015,0,173555,2
7771,219652,0,262156,2
7774,219692,0,173555,2
7777,220024,0,262156,2
7778,220541,0,262156,2
7779,220874,0,0,2
7780,220877,0,0,2
7781,220913,0,0,2
7782,221139,0,173555,2
7783,221308,0,262156,2
7785,221704,0,64,4
7786,221719,0,173555,2
7787,221792,0,173555,2
7788,222024,0,173555,2
7789,222026,0,173555,2
7793,222031,0,174067,2
7797,222617,0,174067,2
7798,222851,8,31,4
7799,222852,8,31,4
7800,222853,8,31,4
7801,222897,0,173555,2
7803,223130,0,173555,2
7804,223829,0,173555,2
7805,223937,0,16,15
7806,223938,0,16,15
7807,224023,0,173555,2
7808,224175,0,173555,2
7809,224239,0,1378,2
7810,224253,0,173555,2
7811,224266,0,1378,2
7813,204147,0,262156,2
7814,224681,0,262156,2
7818,224795,0,173555,2
7819,224807,0,173555,2
7820,225289,0,262156,2
7821,113656,0,41105,2
7822,225635,0,262156,2
7823,209795,0,174067,2
7824,225919,0,174067,2
7825,225921,0,174067,2
7826,122261,0,0,4
7828,226359,1050602,4,4
7842,227376,0,262156,2
7843,227518,0,174067,2
7845,227576,0,173555,2
7846,227711,0,173555,2
7847,227744,0,173555,2
7848,203155,0,262156,2
7849,227876,0,173555,2
7850,228139,8,31,4
7851,228273,0,262156,2
7852,228402,4,31,4
7853,228403,4,31,4
7854,228404,4,31,4
7855,228405,4,31,4
7856,228406,4,31,4
7857,228407,4,31,4
7858,228408,4,31,4
7859,228409,4,31,4
7860,228410,4,31,4
7861,228477,0,174067,2
7862,228478,0,174067,2
7863,228645,0,173555,2
7864,228920,0,173555,2
7873,230003,0,173555,2
7874,231004,0,0,2
7875,231006,0,0,2
7876,231339,0,262156,2
7880,232219,0,262156,2
7883,232893,0,174067,2
7884,233408,0,173555,2
7886,235285,0,1378,2
7888,235622,4194304,173555,2
7889,235623,4194304,173555,2
7890,235624,4194304,173555,2
7891,235625,4194304,173555,2
7892,235626,4194304,173555,2
7893,235661,0,173555,2
7894,235662,0,173555,2
7895,235695,4,31,4
7896,235696,4,31,4
7897,235697,4,31,4
7898,235698,4,31,4
7899,235699,4,31,4
7900,235700,4,31,4
7901,235701,4,31,4
7902,235702,4,31,4
7903,235703,4,31,4
7904,235704,4,31,4
7905,235705,4,31,4
7906,235706,4,31,4
7907,235731,8,31,4
7908,235794,8,31,4
7910,235841,0,262156,2
7911,235843,0,173555,2
7912,235964,0,174067,2
7913,236282,0,64,4
7914,236385,0,173555,2
7917,236626,2097152,41105,2
7918,236641,0,262156,2
7932,198034,0,173555,2
7937,1833,0,173555,2
7940,238174,0,0,2
7944,238682,0,173555,2
7946,239907,0,566771,2
7958,240711,0,262156,2
7962,241006,0,4,2
7963,241092,0,173555,2
7964,241094,0,173555,2
7965,241197,0,173555,2
7966,241440,0,2097151,2
7967,241465,0,173555,2
7968,241774,0,64,4
7969,242485,0,173555,2
7971,242702,0,173555,2
7972,242835,0,566771,2
7976,242926,0,173555,2
7977,243386,0,4,2
7995,244785,0,174067,2
7997,245239,0,1378,2
7999,245388,0,32768,2
8000,245389,0,32768,2
8001,245394,0,32768,2
8002,245412,0,1378,2
8003,245495,0,173555,2
8004,245734,0,173555,2
8007,246497,0,262156,2
8010,246820,0,1378,2
8014,248744,0,41105,2
8015,248856,0,262156,2
8035,249954,0,0,4
8036,249956,0,0,4
8037,249957,0,0,4
8038,249958,0,0,4
8039,249959,0,0,4
8040,249960,0,0,4
8041,249961,0,0,4
8042,249962,0,0,4
8043,249964,0,0,4
8044,249965,0,0,4
8045,249966,0,0,4
8056,251612,0,173555,2
8057,253039,0,0,2
8059,253979,0,173555,2
8060,254337,0,262156,2
8062,254512,0,0,2
8063,254575,0,173555,2
8064,254584,8,31,4
8065,254607,0,1048576,2
8066,254706,8,31,4
119987,201467,0,174067,2
